Afghanistan,India,56.5
Afghanistan,Pakistan,29.6
Albania,Italy,53.4
Albania,Kosovo,7.7
Albania,Spain,5.6
Albania,Greece,4.2
Algeria,Italy,17.4
Algeria,Spain,13
Algeria,France,11.9
Algeria,US,9.4
Algeria,Brazil,6.2
Algeria,Netherlands,5.5
American Samoa,Australia,25
American Samoa,Ghana,19
American Samoa,Indonesia,15.6
American Samoa,Burma,10.4
American Samoa,Portugal,5.1
Angola,China,61.2
Angola,India,13
Angola,US,4.2
Antigua and Barbuda,Poland,62.2
Antigua and Barbuda,Cameroon,9.5
Antigua and Barbuda,US,5.1
Antigua and Barbuda,UK,4.5
Argentina,Brazil,16.1
Argentina,US,7.9
Argentina,China,7.5
Argentina,Chile,4.4
Armenia,Russia,24.2
Armenia,Bulgaria,12.8
Armenia,Switzerland,12
Armenia,Georgia,6.9
Armenia,Germany,5.9
Armenia,China,5.5
Armenia,Iraq,5.4
Armenia,UAE,4.6
Armenia,Netherlands,4.1
Aruba,US,20.2
Aruba,Colombia,17.6
Aruba,Venezuela,13
Aruba,Netherlands,9.1
Aruba,Thailand,8.4
Aruba,Panama,4.8
Australia,China,33.5
Australia,Japan,14.6
Australia,South Korea,6.6
Australia,India,5
Australia,Hong Kong,4
Austria,Germany,29.4
Austria,US,6.3
Austria,Italy,6.2
Austria,Switzerland,5.1
Austria,France,4.8
Austria,Slovakia,4.8
Azerbaijan,Italy,23.2
Azerbaijan,Turkey,13.6
Azerbaijan,Israel,6.1
Azerbaijan,Russia,5.4
Azerbaijan,Germany,5
Azerbaijan,Czech Republic,4.6
Azerbaijan,Georgia,4.3
The Bahamas,US,63.9
The Bahamas,Namibia,19.3
Bahrain,UAE,19.6
Bahrain,Saudi Arabia,11.7
Bahrain,US,10.8
Bahrain,Oman,8.1
Bahrain,China,6.5
Bahrain,Qatar,5.7
Bahrain,Japan,4.2
Bangladesh,Germany,12.9
Bangladesh,US,12.2
Bangladesh,UK,8.7
Bangladesh,Spain,5.3
Bangladesh,France,5.1
Bangladesh,Italy,4.1
Barbados,US,38
Barbados,Trinidad and Tobago,10.2
Barbados,Guyana,5.5
Barbados,Jamaica,5
Barbados,China,4.8
Barbados,St. Lucia,4.6
Belarus,Russia,43.9
Belarus,Ukraine,11.5
Belarus,UK,8.2
Belgium,Germany,16.6
Belgium,France,14.9
Belgium,Netherlands,12
Belgium,UK,8.4
Belgium,Italy,4.9
Belgium,US,4.8
Belize,UK,33.9
Belize,US,22
Belize,Jamaica,6.7
Belize,Italy,6.4
Belize,Barbados,5.9
Belize,Ireland,5.5
Belize,Netherlands,4.3
Benin,Bangladesh,18.1
Benin,India,10.7
Benin,Ukraine,9
Benin,Niger,8.1
Benin,China,7.7
Benin,Nigeria,7.2
Benin,Turkey,4
Bermuda,Jamaica,49.1
Bermuda,Luxembourg,36.1
Bermuda,US,4.9
Bhutan,India,95.3
Bolivia,Brazil,17.9
Bolivia,Argentina,16
Bolivia,US,7.8
Bolivia,Japan,7.3
Bolivia,India,6.6
Bolivia,South Korea,6.3
Bolivia,Colombia,5.8
Bolivia,China,5.1
Bolivia,UAE,4.7
Bosnia and Herzegovina,Germany,14.7
Bosnia and Herzegovina,Croatia,11.8
Bosnia and Herzegovina,Italy,11.1
Bosnia and Herzegovina,Serbia,10
Bosnia and Herzegovina,Slovenia,9
Bosnia and Herzegovina,Austria,8.3
Botswana,Belgium,20.3
Botswana,India,12.6
Botswana,UAE,12.4
Botswana,South Africa,11.9
Botswana,Singapore,8.7
Botswana,Israel,7
Botswana,Hong Kong,4.1
Botswana,Namibia,4.1
Brazil,China,21.8
Brazil,US,12.5
Brazil,Argentina,8.1
Brazil,Netherlands,4.3
Brunei,Japan,27.8
Brunei,South Korea,12.4
Brunei,Thailand,11.5
Brunei,Malaysia,11.3
Brunei,India,9.3
Brunei,Singapore,7.7
Brunei,Switzerland,5
Brunei,China,4.7
Bulgaria,Germany,13.5
Bulgaria,Italy,8.3
Bulgaria,Romania,8.2
Bulgaria,Turkey,7.7
Bulgaria,Greece,6.5
Bulgaria,Belgium,4.2
Bulgaria,France,4.1
Burkina Faso,Switzerland,44.9
Burkina Faso,India,15.6
Burkina Faso,South Africa,11.3
Burkina Faso,Cote dIvoire,4.9
Burma,China,36.5
Burma,Thailand,21.8
Burma,Japan,6.6
Burma,Singapore,6.4
Burma,India,5.9
Burundi,Democratic Republic of the Congo,25.5
Burundi,Switzerland,18.4
Burundi,UAE,14.9
Burundi,Belgium,6
Cabo Verde,Spain,45.3
Cabo Verde,Portugal,40.3
Cabo Verde,Netherlands,8.1
Cambodia,US,21.5
Cambodia,UK,9
Cambodia,Germany,8.6
Cambodia,Japan,7.6
Cambodia,China,6.9
Cambodia,Canada,6.7
Cambodia,Spain,4.7
Cambodia,Belgium,4.5
Cameroon,Netherlands,15.6
Cameroon,France,12.6
Cameroon,China,11.7
Cameroon,Belgium,6.8
Cameroon,Italy,6.3
Cameroon,Algeria,4.8
Cameroon,Malaysia,4.4
Canada,US,76.4
Canada,China,4.3
Central African Republic,France,31.2
Central African Republic,Burundi,16.2
Central African Republic,China,12.5
Central African Republic,Cameroon,9.6
Central African Republic,Austria,7.8
Chad,US,38.7
Chad,China,16.6
Chad,Netherlands,15.7
Chad,UAE,12.2
Chad,India,6.3
Chile,China,27.5
Chile,US,14.5
Chile,Japan,9.3
Chile,South Korea,6.2
Chile,Brazil,5
China,US,19
China,Hong Kong,12.4
China,Japan,6
China,South Korea,4.5
Colombia,US,28.5
Colombia,Panama,8.6
Colombia,China,5.1
Comoros,France,36.5
Comoros,India,12.2
Comoros,Germany,8.2
Comoros,Pakistan,6.3
Comoros,Switzerland,5.8
Comoros,South Korea,4.7
Comoros,Russia,4.3
Democratic Republic of the Congo,China,41.4
Democratic Republic of the Congo,Zambia,22.7
Democratic Republic of the Congo,South Korea,7.2
Democratic Republic of the Congo,Finland,6.2
Republic of the Congo,China,53.8
Republic of the Congo,Angola,6.2
Republic of the Congo,Gabon,5.7
Republic of the Congo,Italy,5.4
Republic of the Congo,Spain,5.4
Republic of the Congo,Australia,4.8
Costa Rica,US,40.9
Costa Rica,Belgium,6.3
Costa Rica,Panama,5.6
Costa Rica,Netherlands,5.6
Costa Rica,Nicaragua,5.1
Costa Rica,Guatemala,5
Cote d'Ivoire,Netherlands,11.8
Cote d'Ivoire,US,7.9
Cote d'Ivoire,France,6.4
Cote d'Ivoire,Belgium,6.4
Cote d'Ivoire,Germany,5.8
Cote d'Ivoire,Burkina Faso,4.5
Cote d'Ivoire,India,4.4
Cote d'Ivoire,Mali,4.2
Croatia,Italy,13.4
Croatia,Germany,12.2
Croatia,Slovenia,10.6
Croatia,Bosnia and Herzegovina,9.8
Croatia,Austria,6.2
Croatia,Serbia,4.8
Cuba,Venezuela,17.8
Cuba,Spain,12.2
Cuba,Russia,7.9
Cuba,Lebanon,6.1
Cuba,Indonesia,4.5
Cuba,Germany,4.3
Cyprus,Libya,9.4
Cyprus,Greece,7.7
Cyprus,Norway,6.7
Cyprus,UK,5.3
Cyprus,Germany,4.1
Czechia,Germany,32.8
Czechia,Slovakia,7.8
Czechia,Poland,6.1
Czechia,France,5.1
Czechia,UK,4.9
Czechia,Austria,4.4
Czechia,Italy,4.1
Denmark,Germany,15.5
Denmark,Sweden,11.6
Denmark,UK,8.2
Denmark,US,7.5
Denmark,Norway,6
Denmark,China,4.4
Denmark,Netherlands,4.4
Djibouti,Ethiopia,38.8
Djibouti,Somalia,17.1
Djibouti,Qatar,9.1
Djibouti,Brazil,8.9
Djibouti,Yemen,4.9
Djibouti,US,4.6
Dominica,Saudi Arabia,42.6
Dominica,Trinidad and Tobago,9.3
Dominica,Jamaica,8.1
Dominica,St. Kitts and Nevis,7.1
Dominica,Guyana,6.7
Dominican Republic,US,50.3
Dominican Republic,Haiti,9.1
Dominican Republic,Canada,8.2
Dominican Republic,India,5.6
Ecuador,US,31.5
Ecuador,Vietnam,7.6
Ecuador,Peru,6.7
Ecuador,Chile,6.5
Ecuador,Panama,4.9
Ecuador,Russia,4.4
Ecuador,China,4
Egypt,UAE,10.9
Egypt,Italy,10
Egypt,US,7.4
Egypt,UK,5.7
Egypt,Turkey,4.4
Egypt,Germany,4.3
Egypt,India,4.3
El Salvador,US,45.7
El Salvador,Honduras,13.9
El Salvador,Guatemala,13.5
El Salvador,Nicaragua,6.7
El Salvador,Costa Rica,4.6
Equatorial Guinea,China,28
Equatorial Guinea,India,11.8
Equatorial Guinea,South Korea,10.3
Equatorial Guinea,Portugal,8.7
Equatorial Guinea,US,6.9
Equatorial Guinea,Spain,4.9
Eritrea,China,62
Eritrea,South Korea,28.3
Estonia,Finland,16.2
Estonia,Sweden,13.5
Estonia,Latvia,9.2
Estonia,Russia,7.3
Estonia,Germany,6.9
Estonia,Lithuania,5.9
Eswatini,South Africa,94
Ethiopia,Sudan,23.3
Ethiopia,Switzerland,10.2
Ethiopia,China,8.1
Ethiopia,Somalia,6.6
Ethiopia,Netherlands,6.2
Ethiopia,US,4.7
Ethiopia,Germany,4.7
Ethiopia,Saudi Arabia,4.6
Ethiopia,UK,4.6
European Union,United States,20.7
European Union,China,9.6
European Union,Switzerland,8.1
European Union,Turkey,4.4
European Union,Russia,4.1
Falkland Islands (Islas Malvinas),Spain,74.4
Falkland Islands (Islas Malvinas),Namibia,10.4
Falkland Islands (Islas Malvinas),US,5
Faroe Islands,Russia,26.4
Faroe Islands,UK,14.1
Faroe Islands,Germany,8.4
Faroe Islands,China,7.9
Faroe Islands,Spain,6.8
Faroe Islands,Denmark,6.2
Faroe Islands,US,4.7
Faroe Islands,Poland,4.4
Faroe Islands,Norway,4.1
Fiji,US,20.8
Fiji,Australia,14.9
Fiji,NZ,7.7
Fiji,Tonga,5
Fiji,Vanuatu,4.6
Fiji,China,4.5
Fiji,Spain,4.3
Fiji,UK,4.3
Fiji,Kiribati,4.1
Finland,Germany,14.2
Finland,Sweden,10.1
Finland,US,7
Finland,Netherlands,6.8
Finland,China,5.7
Finland,Russia,5.7
Finland,UK,4.5
France,Germany,14.8
France,Spain,7.7
France,Italy,7.5
France,US,7.2
France,Belgium,7
France,UK,6.7
French Polynesia,Japan,23.1
French Polynesia,Hong Kong,21.5
French Polynesia,Kyrgyzstan,15.9
French Polynesia,US,15.9
French Polynesia,France,12.4
Gabon,China,36.4
Gabon,US,10
Gabon,Ireland,8.5
Gabon,Netherlands,6.3
Gabon,South Korea,5.1
Gabon,Australia,5
Gabon,Italy,4.6
The Gambia,Guinea-Bissau,51.9
The Gambia,Vietnam,14.6
The Gambia,Senegal,8.8
The Gambia,Mali,7.2
Georgia,Russia,14.5
Georgia,Azerbaijan,10
Georgia,Turkey,7.9
Georgia,Armenia,7.7
Georgia,China,7.6
Georgia,Bulgaria,6.6
Georgia,Ukraine,4.6
Georgia,US,4.5
Germany,US,8.8
Germany,France,8.2
Germany,China,6.8
Germany,Netherlands,6.7
Germany,UK,6.6
Germany,Italy,5.1
Germany,Austria,4.9
Germany,Poland,4.7
Germany,Switzerland,4.2
Ghana,India,23.8
Ghana,UAE,13.4
Ghana,China,10.8
Ghana,Switzerland,10.1
Ghana,Vietnam,5.2
Ghana,Burkina Faso,4
Gibraltar,Spain,27.1
Gibraltar,Germany,20.4
Gibraltar,Netherlands,10.8
Gibraltar,Poland,8.6
Gibraltar,France,6.6
Gibraltar,Italy,5.7
Gibraltar,Cote dIvoire,4.5
Greece,Italy,10.6
Greece,Germany,7.1
Greece,Turkey,6.8
Greece,Cyprus,6.5
Greece,Bulgaria,4.9
Greece,Lebanon,4.3
Greenland,Denmark,82.5
Greenland,Iceland,4.4
Grenada,US,25.3
Grenada,Japan,10.1
Grenada,Guyana,8.7
Grenada,Dominica,6.6
Grenada,St. Lucia,6.4
Grenada,Netherlands,4.7
Grenada,Barbados,4.1
Grenada,St. Kitts and Nevis,4
Guam,Palau,13.6
Guatemala,US,33.8
Guatemala,El Salvador,11.1
Guatemala,Honduras,8.8
Guatemala,Nicaragua,5.1
Guatemala,Mexico,4.7
Guinea,China,35.8
Guinea,Ghana,20.1
Guinea,UAE,11.6
Guinea,India,4.3
Guinea-Bissau,India,67.1
Guinea-Bissau,Vietnam,21.1
Guyana,Canada,24.9
Guyana,US,16.5
Guyana,Panama,9.6
Guyana,UK,7.7
Guyana,Jamaica,5.1
Guyana,Trinidad and Tobago,5
Haiti,US,80.6
Haiti,Dominican Republic,4.9
Honduras,US,34.5
Honduras,Germany,8.9
Honduras,Belgium,7.7
Honduras,El Salvador,7.3
Honduras,Netherlands,7.2
Honduras,Guatemala,5.2
Honduras,Nicaragua,4.8
Hong Kong,China,54.1
Hong Kong,US,7.7
Hungary,Germany,27.7
Hungary,Romania,5.4
Hungary,Italy,5.1
Hungary,Austria,5
Hungary,Slovakia,4.8
Hungary,France,4.4
Hungary,Czech Republic,4.4
Hungary,Poland,4.3
Iceland,Netherlands,25.5
Iceland,Spain,13.6
Iceland,UK,9.4
Iceland,Germany,7.6
Iceland,US,7
Iceland,France,6.3
Iceland,Norway,4.9
India,US,15.6
India,UAE,10.2
India,Hong Kong,4.9
India,China,4.3
Indonesia,China,13.6
Indonesia,US,10.6
Indonesia,Japan,10.5
Indonesia,India,8.4
Indonesia,Singapore,7.6
Indonesia,Malaysia,5.1
Indonesia,South Korea,4.8
Iran,China,27.5
Iran,India,15.1
Iran,South Korea,11.4
Iran,Turkey,11.1
Iran,Italy,5.7
Iran,Japan,5.3
Iraq,India,21.2
Iraq,China,20.2
Iraq,US,15.8
Iraq,South Korea,9.4
Iraq,Greece,5.3
Iraq,Netherlands,4.8
Iraq,Italy,4.7
Ireland,US,27.1
Ireland,UK,13.4
Ireland,Belgium,11
Ireland,Germany,8.1
Ireland,Switzerland,5.1
Ireland,Netherlands,4.9
Ireland,France,4.3
Israel,US,28.8
Israel,UK,8.2
Israel,Hong Kong,7
Israel,China,5.4
Israel,Belgium,4.5
Italy,Germany,12.5
Italy,France,10.3
Italy,US,9
Italy,Spain,5.2
Italy,UK,5.2
Italy,Switzerland,4.6
Jamaica,US,39.1
Jamaica,Netherlands,12.3
Jamaica,Canada,8.4
Japan,US,19.4
Japan,China,19
Japan,South Korea,7.6
Japan,Hong Kong,5.1
Japan,Thailand,4.2
Jordan,US,24.9
Jordan,Saudi Arabia,12.8
Jordan,India,8.2
Jordan,Iraq,8.2
Jordan,Kuwait,5.4
Jordan,UAE,4.6
Kazakhstan,Italy,17.9
Kazakhstan,China,11.9
Kazakhstan,Netherlands,9.8
Kazakhstan,Russia,9.3
Kazakhstan,Switzerland,6.4
Kazakhstan,France,5.9
Kenya,Uganda,10.8
Kenya,Pakistan,10.6
Kenya,US,8.1
Kenya,Netherlands,7.3
Kenya,UK,6.4
Kenya,Tanzania,4.8
Kenya,UAE,4.4
Kiribati,Philippines,50.8
Kiribati,Malaysia,17.2
Kiribati,US,11.4
Kiribati,Bangladesh,5.8
Kiribati,Fiji,5.4
North Korea,China,86.3
South Korea,China,25.1
South Korea,US,12.2
South Korea,Vietnam,8.2
South Korea,Hong Kong,6.9
South Korea,Japan,4.7
Kosovo,Albania,16
Kosovo,India,14
Kosovo,The Former Yugo Rep of,12.1
Kosovo,Serbia,10.6
Kosovo,Switzerland,5.6
Kosovo,Germany,5.4
Kuwait,South Korea,18.3
Kuwait,China,17.4
Kuwait,Japan,11.5
Kuwait,India,11.2
Kuwait,Singapore,6.3
Kuwait,US,5.7
Kyrgyzstan,Switzerland,59.1
Kyrgyzstan,Uzbekistan,9.4
Kyrgyzstan,Kazakhstan,5.1
Kyrgyzstan,Russia,4.9
Kyrgyzstan,UK,4
Laos,Thailand,42.6
Laos,China,28.7
Laos,Vietnam,10.4
Laos,India,4.4
Latvia,Lithuania,15.8
Latvia,Russia,14
Latvia,Estonia,10.9
Latvia,Germany,6.9
Latvia,Sweden,5.7
Latvia,UK,4.9
Latvia,Poland,4.3
Latvia,Denmark,4.1
Lebanon,China,13
Lebanon,UAE,9.9
Lebanon,South Africa,7.5
Lebanon,Saudi Arabia,6.5
Lebanon,Syria,6.5
Lebanon,Iraq,5.8
Lebanon,Turkey,4.6
Lesotho,South Africa,57
Lesotho,US,33.5
Liberia,Germany,36.2
Liberia,Switzerland,14.2
Liberia,UAE,8.8
Liberia,US,6.8
Liberia,Indonesia,4.7
Libya,Italy,19
Libya,Spain,12.5
Libya,France,11
Libya,Egypt,8.6
Libya,Germany,8.6
Libya,China,8.3
Libya,US,4.9
Libya,UK,4.6
Libya,Netherlands,4.5
Lithuania,Russia,15
Lithuania,Latvia,9.9
Lithuania,Poland,8.1
Lithuania,Germany,7.3
Lithuania,US,5.2
Lithuania,Estonia,5
Lithuania,Sweden,4.8
Luxembourg,Germany,25.6
Luxembourg,Belgium,17.6
Luxembourg,France,14
Luxembourg,Netherlands,5.1
Luxembourg,Italy,4.1
Luxembourg,UK,4.1
Macau,Hong Kong,58.5
Macau,China,18.8
Madagascar,France,24.8
Madagascar,US,16.5
Madagascar,China,6.7
Madagascar,Germany,6.5
Madagascar,Japan,6
Madagascar,Netherlands,4.7
Malawi,Zimbabwe,13.1
Malawi,Mozambique,11.8
Malawi,Belgium,10.7
Malawi,South Africa,6.3
Malawi,Netherlands,5
Malawi,UK,4.7
Malawi,Germany,4.3
Malawi,US,4.2
Malaysia,Singapore,15.1
Malaysia,China,12.6
Malaysia,US,9.4
Malaysia,Japan,8.2
Malaysia,Thailand,5.7
Malaysia,Hong Kong,4.5
Maldives,Thailand,42.8
Maldives,Sri Lanka,8.7
Maldives,Bangladesh,6.4
Maldives,France,6.2
Maldives,US,6.1
Maldives,Germany,5
Maldives,Ireland,4.6
Mali,Switzerland,31.8
Mali,UAE,15.4
Mali,Burkina Faso,7.8
Mali,Cote dIvoire,7.3
Mali,South Africa,5
Mali,Bangladesh,4.6
Malta,Germany,17.3
Malta,France,10.2
Malta,Italy,9.4
Malta,Singapore,5.9
Malta,Hong Kong,5.8
Malta,US,5.7
Malta,Japan,4.9
Malta,Libya,4.5
Mauritania,China,31.2
Mauritania,Switzerland,14.4
Mauritania,Spain,10.1
Mauritania,Germany,8.2
Mauritania,Japan,8.1
Mauritius,France,16.7
Mauritius,US,12.5
Mauritius,UK,12
Mauritius,South Africa,9
Mauritius,Madagascar,6.7
Mauritius,Italy,6.6
Mauritius,Spain,5.2
Mexico,US,79.9
Moldova,Romania,24.6
Moldova,Russia,13.7
Moldova,Italy,9.1
Moldova,Germany,6.2
Moldova,Ukraine,5.3
Moldova,UK,4.6
Moldova,Poland,4.6
Mongolia,China,85
Mongolia,UK,10.7
Montserrat,US,29
Montserrat,France,23
Montserrat,Saint Kitts and Nevis,22.2
Morocco,Spain,23.2
Morocco,France,22.6
Morocco,Italy,4.5
Morocco,US,4.2
Mozambique,India,28.1
Mozambique,Netherlands,24.4
Mozambique,South Africa,16.7
Namibia,South Africa,27.1
Namibia,Botswana,14.9
Namibia,Switzerland,12
Namibia,Zambia,5.7
Namibia,China,4.6
Namibia,Italy,4.4
Nauru,Nigeria,38.6
Nauru,Japan,16.6
Nauru,Australia,15.9
Nauru,South Korea,13.7
Nauru,NZ,5.7
Nepal,India,53.1
Nepal,US,11.8
Nepal,Turkey,7.2
Netherlands,Germany,24.2
Netherlands,Belgium,10.7
Netherlands,UK,8.8
Netherlands,France,8.8
Netherlands,Italy,4.2
New Caledonia,China,25.4
New Caledonia,Japan,16.6
New Caledonia,South Korea,14.8
New Caledonia,France,8.2
New Caledonia,Belgium,5
New Caledonia,US,4.6
New Zealand,China,22.4
New Zealand,Australia,16.4
New Zealand,US,9.9
New Zealand,Japan,6.1
Nicaragua,US,44.2
Nicaragua,El Salvador,6.4
Nicaragua,Venezuela,5.5
Nicaragua,Costa Rica,5.5
Niger,France,30.2
Niger,Thailand,18.3
Niger,Malaysia,9.9
Niger,Nigeria,8.3
Niger,Mali,5
Niger,Switzerland,4.9
Nigeria,India,30.6
Nigeria,US,12.1
Nigeria,Spain,6.6
Nigeria,China,5.6
Nigeria,France,5.5
Nigeria,Netherlands,4.4
Nigeria,Indonesia,4.4
North Macedonia,Germany,46.7
North Macedonia,Bulgaria,6.1
North Macedonia,Serbia,4.4
North Macedonia,Belgium,4.1
Norway,UK,21.1
Norway,Germany,15.5
Norway,Netherlands,9.9
Norway,Sweden,6.6
Norway,France,6.4
Norway,Belgium,4.8
Norway,Denmark,4.7
Norway,US,4.6
Oman,China,43.7
Oman,UAE,11
Oman,South Korea,7.9
Oman,Saudi Arabia,4.2
Pakistan,US,17.7
Pakistan,UK,7.7
Pakistan,China,6
Pakistan,Germany,5.8
Pakistan,Afghanistan,5.2
Pakistan,UAE,4.5
Pakistan,Spain,4.1
Palau,Japan,51.3
Palau,US,15.8
Palau,India,13.8
Palau,Guam,8
Panama,US,18.9
Panama,Netherlands,16.6
Panama,China,6.5
Panama,Costa Rica,5.4
Panama,India,5.1
Panama,Vietnam,5
Papua New Guinea,Australia,18.9
Papua New Guinea,Singapore,17.5
Papua New Guinea,Japan,13.8
Papua New Guinea,China,12.7
Papua New Guinea,Philippines,4.7
Papua New Guinea,Netherlands,4.2
Papua New Guinea,India,4.2
Paraguay,Brazil,31.9
Paraguay,Argentina,15.9
Paraguay,Chile,6.9
Paraguay,Russia,5.9
Peru,China,26.5
Peru,US,15.2
Peru,Switzerland,5.2
Peru,South Korea,4.4
Peru,Spain,4.1
Peru,India,4.1
Philippines,Japan,16.4
Philippines,US,14.6
Philippines,Hong Kong,13.7
Philippines,China,11
Philippines,Singapore,6.1
Philippines,Thailand,4.3
Philippines,Germany,4.1
Philippines,South Korea,4
Poland,Germany,27.4
Poland,Czech Republic,6.4
Poland,UK,6.4
Poland,France,5.6
Poland,Italy,4.9
Poland,Netherlands,4.4
Portugal,Spain,25.2
Portugal,France,12.5
Portugal,Germany,11.3
Portugal,UK,6.6
Portugal,US,5.2
Portugal,Netherlands,4
Qatar,Japan,17.3
Qatar,South Korea,16
Qatar,India,12.6
Qatar,China,11.2
Qatar,Singapore,8.2
Qatar,UAE,6.4
Romania,Germany,23
Romania,Italy,11.2
Romania,France,6.8
Romania,Hungary,4.7
Romania,UK,4.1
Russia,China,10.9
Russia,Netherlands,10
Russia,Germany,7.1
Russia,Belarus,5.1
Russia,Turkey,4.9
Rwanda,UAE,38.3
Rwanda,Kenya,15.1
Rwanda,Switzerland,9.9
Rwanda,Democratic Republic of the Congo,9.5
Rwanda,US,4.9
Rwanda,Singapore,4.5
Saint Kitts and Nevis,US,49.6
Saint Kitts and Nevis,Poland,15.2
Saint Kitts and Nevis,Turkey,11.6
Saint Lucia,US,67.6
Saint Lucia,UK,5.9
Saint Lucia,Trinidad and Tobago,5.5
Saint Vincent and the Grenadines,Jordan,40.7
Saint Vincent and the Grenadines,France,12.5
Saint Vincent and the Grenadines,Barbados,7
Saint Vincent and the Grenadines,St. Lucia,6.8
Saint Vincent and the Grenadines,Antigua and Barbuda,5.7
Saint Vincent and the Grenadines,US,5.5
Saint Vincent and the Grenadines,Trinidad and Tobago,4.7
Samoa,Australia,22.9
Samoa,NZ,22.8
Samoa,American Samoa,22.1
Samoa,Afghanistan,14.9
Samoa,US,5.9
Sao Tome and Principe,Guyana,43.7
Sao Tome and Principe,Germany,23.6
Sao Tome and Principe,Portugal,6
Sao Tome and Principe,Netherlands,5.5
Sao Tome and Principe,Poland,4.4
Saudi Arabia,Japan,12.2
Saudi Arabia,China,11.7
Saudi Arabia,South Korea,9
Saudi Arabia,India,8.9
Saudi Arabia,US,8.3
Saudi Arabia,UAE,6.7
Saudi Arabia,Singapore,4.2
Senegal,Mali,14.8
Senegal,Switzerland,11.4
Senegal,India,6
Senegal,Cote dIvoire,5.3
Senegal,UAE,5.1
Senegal,The,4.2
Senegal,Spain,4.1
Serbia,Italy,13.5
Serbia,Germany,12.8
Serbia,Bosnia and Herzegovina,8.2
Serbia,Russia,6
Serbia,Romania,4.9
Seychelles,UAE,28.5
Seychelles,France,24
Seychelles,UK,13.8
Seychelles,Italy,8.9
Seychelles,Germany,4.6
Sierra Leone,Cote dIvoire,37.7
Sierra Leone,Belgium,20.5
Sierra Leone,US,15.7
Sierra Leone,China,10.2
Sierra Leone,Netherlands,6.1
Singapore,China,14.7
Singapore,Hong Kong,12.6
Singapore,Malaysia,10.8
Singapore,US,6.6
Singapore,Indonesia,5.8
Singapore,Japan,4.7
Singapore,South Korea,4.6
Singapore,Thailand,4
Slovakia,Germany,20.7
Slovakia,Czech Republic,11.6
Slovakia,Poland,7.7
Slovakia,France,6.3
Slovakia,Italy,6.1
Slovakia,UK,6
Slovakia,Hungary,6
Slovakia,Austria,6
Slovenia,Germany,18.9
Slovenia,Italy,10.7
Slovenia,Austria,7.4
Slovenia,Croatia,7.1
Slovenia,France,4.8
Slovenia,Poland,4.2
Slovenia,Hungary,4.2
Solomon Islands,China,64.5
Solomon Islands,Italy,6.2
Solomon Islands,Switzerland,4.6
Solomon Islands,Philippines,4.4
Somalia,Oman,31.7
Somalia,Saudi Arabia,18.7
Somalia,UAE,16.3
Somalia,Nigeria,5.1
Somalia,Yemen,4.8
Somalia,Pakistan,4
South Africa,China,9.5
South Africa,US,7.7
South Africa,Germany,7.1
South Africa,Japan,4.7
South Africa,India,4.6
South Africa,Botswana,4.3
South Africa,Namibia,4.1
Spain,France,15.1
Spain,Germany,11.3
Spain,Italy,7.8
Spain,Portugal,7.1
Spain,UK,6.9
Spain,US,4.4
Sri Lanka,US,24.6
Sri Lanka,UK,9
Sri Lanka,India,5.8
Sri Lanka,Singapore,4.5
Sri Lanka,Germany,4.3
Sri Lanka,Italy,4.3
Sudan,UAE,55.5
Sudan,Egypt,14.7
Sudan,Saudi Arabia,8.8
Suriname,Switzerland,38
Suriname,Hong Kong,21.9
Suriname,Belgium,10.1
Suriname,UAE,7.2
Suriname,Guyana,6.1
Sweden,Germany,11
Sweden,Norway,10.2
Sweden,Finland,6.9
Sweden,US,6.9
Sweden,Denmark,6.9
Sweden,UK,6.2
Sweden,Netherlands,5.5
Sweden,China,4.5
Sweden,Belgium,4.4
Sweden,France,4.2
Switzerland,Germany,15.2
Switzerland,US,12.3
Switzerland,China,8.2
Switzerland,India,6.7
Switzerland,France,5.7
Switzerland,UK,5.7
Switzerland,Hong Kong,5.4
Switzerland,Italy,5.3
Syria,Lebanon,31.5
Syria,Iraq,10.3
Syria,Jordan,8.8
Syria,China,7.8
Syria,Turkey,7.5
Syria,Spain,7.3
Tajikistan,Turkey,27.5
Tajikistan,China,17.7
Tajikistan,Russia,13.4
Tajikistan,Switzerland,12.5
Tajikistan,Algeria,8.2
Tajikistan,Iran,7.1
Tanzania,India,21.8
Tanzania,South Africa,17.9
Tanzania,Kenya,8.8
Tanzania,Switzerland,6.7
Tanzania,Belgium,5.9
Tanzania,Democratic Republic of the Congo,5.8
Tanzania,China,4.8
Thailand,China,12.4
Thailand,US,11.2
Thailand,Japan,9.5
Thailand,Hong Kong,5.2
Thailand,Vietnam,4.9
Thailand,Australia,4.5
Thailand,Malaysia,4.4
Togo,Benin,16.7
Togo,Burkina Faso,15.2
Togo,Niger,8.9
Togo,India,7.3
Togo,Mali,6.7
Togo,Ghana,5.5
Togo,Cote dIvoire,5.4
Togo,Nigeria,4.1
Tonga,Hong Kong,25.1
Tonga,NZ,22.6
Tonga,US,14.3
Tonga,Japan,12.8
Tonga,Australia,10.5
Trinidad and Tobago,US,34.8
Trinidad and Tobago,Argentina,9
Tunisia,France,32.1
Tunisia,Italy,17.3
Tunisia,Germany,12.4
Turkey,Germany,9.6
Turkey,UK,6.1
Turkey,UAE,5.9
Turkey,Iraq,5.8
Turkey,US,5.5
Turkey,Italy,5.4
Turkey,France,4.2
Turkey,Spain,4
Turkmenistan,China,83.7
Turkmenistan,Turkey,5.1
Tuvalu,US,18.2
Tuvalu,Bosnia and Herzegovina,17
Tuvalu,Fiji,14.8
Tuvalu,Nigeria,14.2
Tuvalu,Germany,8.2
Tuvalu,South Africa,5.9
Tuvalu,Colombia,5.1
Uganda,Kenya,17.7
Uganda,UAE,16.7
Uganda,Democratic Republic of the Congo,6.6
Uganda,Rwanda,6.1
Uganda,Italy,4.8
Ukraine,Russia,9.2
Ukraine,Poland,6.5
Ukraine,Turkey,5.6
Ukraine,India,5.5
Ukraine,Italy,5.2
Ukraine,China,4.6
Ukraine,Germany,4.3
United Arab Emirates,India,10.1
United Arab Emirates,Iran,9.9
United Arab Emirates,Japan,9.3
United Arab Emirates,China,5.4
United Arab Emirates,Oman,5
United Arab Emirates,Switzerland,4.4
United Arab Emirates,South Korea,4.1
United Kingdom,US,13.2
United Kingdom,Germany,10.5
United Kingdom,France,7.4
United Kingdom,Netherlands,6.2
United Kingdom,Ireland,5.6
United Kingdom,China,4.8
United Kingdom,Switzerland,4.5
United States,Canada,18.3
United States,Mexico,15.7
United States,China,8.4
United States,Japan,4.4
Uruguay,China,19
Uruguay,Brazil,16.1
Uruguay,US,5.7
Uruguay,Argentina,5.4
Uzbekistan,Switzerland,38.7
Uzbekistan,China,15.5
Uzbekistan,Russia,10.7
Uzbekistan,Turkey,8.6
Uzbekistan,Kazakhstan,7.7
Uzbekistan,Afghanistan,4.7
Vanuatu,Philippines,23.9
Vanuatu,Australia,16.5
Vanuatu,US,10.4
Vanuatu,Japan,8.8
Vanuatu,Venezuela,8
Vanuatu,France,4.8
Vanuatu,Fiji,4.5
Vanuatu,Hong Kong,4.4
Venezuela,US,34.8
Venezuela,India,17.2
Venezuela,China,16
Venezuela,Netherlands Antilles,8.2
Venezuela,Singapore,6.3
Venezuela,Cuba,4.2
Vietnam,US,20.1
Vietnam,China,14.5
Vietnam,Japan,8
Vietnam,South Korea,6.8
Yemen,Egypt,29.4
Yemen,Thailand,16.7
Yemen,Belarus,13.5
Yemen,Oman,10.5
Yemen,UAE,6.5
Yemen,Saudi Arabia,5
Zambia,Switzerland,44.8
Zambia,China,16.1
Zambia,Democratic Republic of the Congo,6.2
Zambia,Singapore,6
Zambia,South Africa,5.9
Zimbabwe,South Africa,50.3
Zimbabwe,Mozambique,22.5
Zimbabwe,UAE,9.8
Zimbabwe,Zambia,4.9
