Afghanistan,China,21
Afghanistan,Iran,20.5
Afghanistan,Pakistan,11.8
Afghanistan,Kazakhstan,11
Afghanistan,Uzbekistan,6.8
Afghanistan,Malaysia,5.3
Albania,Italy,28.5
Albania,Turkey,8.1
Albania,Germany,8
Albania,Greece,8
Albania,China,7.9
Albania,Serbia,4
Algeria,China,18.2
Algeria,France,9.1
Algeria,Italy,8
Algeria,Germany,7
Algeria,Spain,6.9
Algeria,Turkey,4.4
American Samoa,Fiji,10.7
American Samoa,Singapore,10.4
American Samoa,NZ,10.4
American Samoa,South Korea,9.3
American Samoa,Samoa,8.2
American Samoa,Kenya,6.4
American Samoa,Australia,5.2
Angola,Portugal,17.8
Angola,China,13.5
Angola,US,7.4
Angola,South Africa,6.2
Angola,Brazil,6.1
Angola,UK,4
Antigua and Barbuda,US,48
Antigua and Barbuda,Spain,4.2
Argentina,Brazil,26.9
Argentina,China,18.5
Argentina,US,11.3
Argentina,Germany,4.9
Armenia,Russia,28
Armenia,China,11.5
Armenia,Turkey,5.5
Armenia,Germany,4.9
Armenia,Iran,4.3
Aruba,US,53.7
Aruba,Netherlands,13.1
Australia,China,22.9
Australia,US,10.8
Australia,Japan,7.5
Australia,Thailand,5.1
Australia,Germany,4.9
Australia,South Korea,4.5
Austria,Germany,41.8
Austria,Italy,5.8
Austria,Switzerland,5.5
Austria,Czech Republic,4.4
Austria,Netherlands,4.2
Azerbaijan,Russia,17.7
Azerbaijan,Turkey,14.8
Azerbaijan,China,9.9
Azerbaijan,US,8.3
Azerbaijan,Ukraine,5.3
Azerbaijan,Germany,5.1
The Bahamas,US,83.2
Bahrain,China,8.8
Bahrain,UAE,7.2
Bahrain,US,7.1
Bahrain,Australia,5.3
Bahrain,Japan,4.8
Bangladesh,China,21.9
Bangladesh,India,15.3
Bangladesh,Singapore,5.7
Barbados,US,38.5
Barbados,Trinidad and Tobago,14.6
Barbados,China,7.1
Barbados,UK,4.7
Belarus,Russia,57.2
Belarus,China,8
Belarus,Germany,5.1
Belgium,Netherlands,17.3
Belgium,Germany,13.8
Belgium,France,9.5
Belgium,US,7.1
Belgium,UK,4.9
Belgium,Ireland,4.2
Belgium,China,4.1
Belize,US,35.6
Belize,China,11.2
Belize,Mexico,11.2
Belize,Guatemala,6.9
Benin,Thailand,18.1
Benin,India,15.9
Benin,France,8.5
Benin,China,7.5
Benin,Togo,5.9
Benin,Netherlands,4.3
Benin,Belgium,4.3
Bermuda,US,72.1
Bermuda,South Korea,9.7
Bermuda,Canada,4.2
Bhutan,India,89.5
Bolivia,China,21.7
Bolivia,Brazil,16.8
Bolivia,Argentina,12.6
Bolivia,US,8.4
Bolivia,Peru,6.5
Bosnia and Herzegovina,Germany,11.6
Bosnia and Herzegovina,Italy,11.3
Bosnia and Herzegovina,Serbia,11.1
Bosnia and Herzegovina,Croatia,10.1
Bosnia and Herzegovina,China,6.5
Bosnia and Herzegovina,Slovenia,5
Bosnia and Herzegovina,Russia,4.7
Bosnia and Herzegovina,Turkey,4.2
Botswana,South Africa,66.1
Botswana,Canada,8.3
Botswana,Israel,5.3
Brazil,China,18.1
Brazil,US,16.7
Brazil,Argentina,6.3
Brazil,Germany,6.1
Brunei,China,19.6
Brunei,Singapore,19
Brunei,Malaysia,18.8
Brunei,US,9.2
Brunei,Germany,5.9
Brunei,Japan,4.1
Brunei,UK,4
Bulgaria,Germany,12.3
Bulgaria,Russia,10.3
Bulgaria,Italy,7.3
Bulgaria,Romania,7.1
Bulgaria,Turkey,6.2
Bulgaria,Spain,5.3
Bulgaria,Greece,4.4
Burkina Faso,China,13.2
Burkina Faso,Cote dIvoire,9.5
Burkina Faso,US,8.2
Burkina Faso,Thailand,8.1
Burkina Faso,France,6.5
Burkina Faso,Ghana,4.4
Burkina Faso,Togo,4.4
Burkina Faso,India,4.3
Burma,China,31.4
Burma,Singapore,15
Burma,Thailand,11.1
Burma,Saudi Arabia,7.5
Burma,Malaysia,6.2
Burma,Japan,6
Burma,India,5.5
Burma,Indonesia,4.5
Burundi,India,18.5
Burundi,China,13
Burundi,Kenya,7.9
Burundi,UAE,6.8
Burundi,Saudi Arabia,6.8
Burundi,Uganda,6
Burundi,Tanzania,5.4
Burundi,Zambia,4.6
Cabo Verde,Portugal,43.9
Cabo Verde,Spain,11.6
Cabo Verde,Netherlands,6.1
Cabo Verde,China,6.1
Cambodia,China,34.1
Cambodia,Singapore,12.8
Cambodia,Thailand,12.4
Cambodia,Vietnam,10.1
Cameroon,China,19
Cameroon,France,10.3
Cameroon,Thailand,7.9
Cameroon,Nigeria,4.1
Canada,US,51.5
Canada,China,12.6
Canada,Mexico,6.3
Central African Republic,France,17.1
Central African Republic,US,12.3
Central African Republic,India,11.5
Central African Republic,China,8.2
Central African Republic,South Africa ,7.4
Central African Republic,Japan,5.8
Central African Republic,Italy,5.1
Central African Republic,Cameroon,4.9
Central African Republic,Netherlands,4.6
Chad,China,19.9
Chad,Cameroon,17.2
Chad,France,17
Chad,US,5.4
Chad,India,4.9
Chad,Senegal,4.5
Chile,China,23.9
Chile,US,18.1
Chile,Brazil,8.6
Chile,Argentina,4.5
Chile,Germany,4
China,South Korea,9.7
China,Japan,9.1
China,US,8.5
China,Germany,5.3
China,Australia,5.1
Colombia,US,26.3
Colombia,China,19.3
Colombia,Mexico,7.5
Colombia,Brazil,5
Colombia,Germany,4.1
Comoros,UAE,32.8
Comoros,France,17.3
Comoros,China,13.2
Comoros,Madagascar,6.1
Comoros,Pakistan,4.5
Comoros,India,4.3
Democratic Republic of the Congo,China,19.9
Democratic Republic of the Congo,South Africa,18
Democratic Republic of the Congo,Zambia,10.4
Democratic Republic of the Congo,Belgium,9.1
Democratic Republic of the Congo,India,4.3
Democratic Republic of the Congo,Tanzania,4.2
Republic of the Congo,France,15
Republic of the Congo,China,14
Republic of the Congo,Belgium,12.2
Republic of the Congo,Norway,8.1
Costa Rica,US,38.1
Costa Rica,China,13.1
Costa Rica,Mexico,7.3
Cote d'Ivoire,Nigeria,15
Cote d'Ivoire,France,13.4
Cote d'Ivoire,China,11.3
Cote d'Ivoire,US,4.3
Croatia,Germany,15.7
Croatia,Italy,12.9
Croatia,Slovenia,10.7
Croatia,Hungary,7.5
Croatia,Austria,7.5
Cuba,China,22
Cuba,Spain,14
Cuba,Russia,5
Cuba,Brazil,5
Cuba,Mexico,4.9
Cuba,Italy,4.8
Cuba,US,4.5
Cyprus,Greece,19
Cyprus,Italy,7.5
Cyprus,China,7.4
Cyprus,South Korea,7.3
Cyprus,Germany,7
Cyprus,Netherlands,5.1
Cyprus,UK,5
Cyprus,Israel,4.1
Czechia,Germany,29.8
Czechia,Poland,9.1
Czechia,China,7.4
Czechia,Slovakia,5.8
Czechia,Netherlands,5.3
Czechia,Italy,4
Denmark,Germany,21.3
Denmark,Sweden,11.9
Denmark,Netherlands,7.8
Denmark,China,7.1
Denmark,Norway,6.3
Denmark,Poland,4
Djibouti,UAE,25
Djibouti,France,15.2
Djibouti,Saudi Arabia,11
Djibouti,China,9.6
Djibouti,Ethiopia,6.8
Djibouti,Yemen,4.6
Dominica,US,61.3
Dominica,Trinidad and Tobago,9.8
Dominican Republic,US,41.4
Dominican Republic,China,13.9
Dominican Republic,Mexico,4.5
Dominican Republic,Brazil,4.3
Ecuador,US,22.8
Ecuador,China,15.4
Ecuador,Colombia,8.7
Ecuador,Panama,6.4
Ecuador,Brazil,4.4
Ecuador,Peru,4.2
Egypt,China,7.9
Egypt,UAE,5.2
Egypt,Germany,4.8
Egypt,Saudi Arabia,4.6
Egypt,US,4.4
Egypt,Russia,4.3
El Salvador,US,36.7
El Salvador,Guatemala,10.5
El Salvador,China,8.7
El Salvador,Mexico,7.4
El Salvador,Honduras,6.7
Equatorial Guinea,Spain,20.5
Equatorial Guinea,China,19.4
Equatorial Guinea,US,13
Equatorial Guinea,Cote dIvoire,6.2
Equatorial Guinea,Netherlands,4.7
Eritrea,UAE,14.5
Eritrea,China,13.2
Eritrea,Saudi Arabia,13.2
Eritrea,Italy,12.9
Eritrea,Turkey,5.6
Eritrea,South Africa,4.6
Estonia,Finland,14
Estonia,Germany,10.7
Estonia,Lithuania,8.9
Estonia,Sweden,8.5
Estonia,Latvia ,8.2
Estonia,Poland,7.2
Estonia,Russia,6.7
Estonia,Netherlands,5.9
Estonia,China,4.7
Eswatini,South Africa,81.6
Eswatini,China,5.2
Ethiopia,China,24.1
Ethiopia,Saudi Arabia,10.1
Ethiopia,India,6.4
Ethiopia,Kuwait,5.3
Ethiopia,France,5.2
European Union,China,20.1
European Union,United States,14.5
European Union,Switzerland,7.1
European Union,Russia,6.3
Falkland Islands (Islas Malvinas),UK,47.8
Falkland Islands (Islas Malvinas),Spain,28.4
Falkland Islands (Islas Malvinas),Greece,10.2
Falkland Islands (Islas Malvinas),Netherlands,5.7
Falkland Islands (Islas Malvinas),Cote dIvoire,4.3
Faroe Islands,Denmark,33
Faroe Islands,China,10.7
Faroe Islands,Germany,7.6
Faroe Islands,Poland,6.8
Faroe Islands,Norway,6.7
Faroe Islands,Ireland,5
Faroe Islands,Chile,4.3
Fiji,Australia,19.2
Fiji,NZ,17.2
Fiji,Singapore,17
Fiji,China,13.8
Finland,Germany,17.7
Finland,Sweden,15.8
Finland,Russia,13.1
Finland,Netherlands,8.7
France,Germany,18.5
France,Belgium,10.2
France,Netherlands,8.3
France,Italy,7.9
France,Spain,7.1
France,UK,5.3
France,US,5.2
France,China,5.1
French Polynesia,France,27.9
French Polynesia,South Korea,12.1
French Polynesia,US,10.1
French Polynesia,China,7.3
French Polynesia,NZ,6.7
French Polynesia,Singapore,4.2
Gabon,France,23.6
Gabon,Belgium,19.6
Gabon,China,15.2
The Gambia,Cote dIvoire,11.5
The Gambia,Brazil,10.6
The Gambia,Spain,10.2
The Gambia,China,7.8
The Gambia,Russia,6.4
The Gambia,Netherlands,5.3
The Gambia,India,5
Georgia,Turkey,17.2
Georgia,Russia,9.9
Georgia,China,9.2
Georgia,Azerbaijan,7.6
Georgia,Ukraine,5.6
Georgia,Germany,5.4
Germany,Netherlands,13.8
Germany,China,7
Germany,France,6.6
Germany,Belgium,5.9
Germany,Italy ,5.4
Germany,Poland,5.4
Germany,Czechia,4.8
Germany,US,4.5
Germany,Austria,4.3
Germany,Switzerland,4.2
Ghana,China,16.8
Ghana,US,8
Ghana,UK,6.2
Ghana,Belgium,5.9
Ghana,India,4.1
Gibraltar,Spain,15.6
Gibraltar,Italy,13.4
Gibraltar,US,13.3
Gibraltar,Netherlands,10.9
Gibraltar,Greece,8.5
Gibraltar,Russia,6.6
Gibraltar,UK,5.8
Gibraltar,Belgium,4.4
Greece,Germany,10.4
Greece,Italy,8.2
Greece,Russia,6.8
Greece,Iraq,6.3
Greece,South Korea,6.1
Greece,China,5.4
Greece,Netherlands,5.3
Greece,France,4.3
Greenland,Denmark,69.7
Greenland,Sweden,10.6
Grenada,US,31.7
Grenada,Trinidad and Tobago,24.9
Grenada,China,6.7
Guam,Singapore,41.7
Guam,Japan,30.6
Guam,Hong Kong,10.6
Guatemala,US,39.8
Guatemala,China,10.7
Guatemala,Mexico,10.7
Guatemala,El Salvador,5.3
Guinea,Netherlands,17.2
Guinea,China,13.2
Guinea,India,11.8
Guinea,Belgium,10
Guinea,France,6.9
Guinea,UAE,4.5
Guinea-Bissau,Portugal,47.8
Guinea-Bissau,Senegal,12.1
Guinea-Bissau,China,10.4
Guinea-Bissau,Netherlands,8.1
Guinea-Bissau,Pakistan,5.4
Guyana,Trinidad and Tobago,27.5
Guyana,US,26.5
Guyana,China,8.9
Guyana,Suriname,6.1
Haiti,US,20.7
Haiti,China,18.8
Haiti,Netherlands Antilles,15.7
Haiti,Indonesia,8.5
Honduras,US,40.3
Honduras,Guatemala,10.5
Honduras,China,8.5
Honduras,Mexico,6.2
Honduras,El Salvador,5.7
Honduras,Panama,4.4
Honduras,Costa Rica,4.2
Hong Kong,China,44.6
Hong Kong,Singapore,6.4
Hong Kong,Japan,6.1
Hong Kong,South Korea,5.5
Hong Kong,US,5.2
Hungary,Germany,26.2
Hungary,Austria,6.3
Hungary,China,5.9
Hungary,Poland,5.5
Hungary,Slovakia ,5.3
Hungary,Netherlands,5
Hungary,Czech Republic,4.8
Hungary,Italy,4.7
Hungary,France,4
Iceland,Germany,10.7
Iceland,Norway,9.2
Iceland,China,7
Iceland,Netherlands,6.7
Iceland,US,6.4
Iceland,Denmark,6.2
Iceland,UK,5.7
Iceland,Sweden,4.1
India,China,16.3
India,US,5.5
India,UAE,5.2
India,Saudi Arabia,4.8
India,Switzerland,4.7
Indonesia,China,23.2
Indonesia,Singapore,10.9
Indonesia,Japan,10
Indonesia,Thailand,6
Indonesia,Malaysia,5.6
Indonesia,South Korea,5.3
Indonesia,US,5.2
Iran,UAE,29.8
Iran,China,12.7
Iran,Turkey,4.4
Iran,South Korea,4
Iran,Germany,4
Iraq,Turkey,27.8
Iraq,China,25.7
Iraq,South Korea,4.7
Iraq,Russia,4.3
Ireland,UK,29
Ireland,US,18.9
Ireland,France,12.1
Ireland,Germany,9.6
Ireland,Netherlands,4.1
Israel,US,11.7
Israel,China,9.5
Israel,Switzerland,8
Israel,Germany,6.8
Israel,UK,6.2
Israel,Belgium,5.9
Israel,Netherlands,4.2
Israel,Turkey,4.2
Israel,Italy,4
Italy,Germany,16.3
Italy,France,8.8
Italy,China,7.1
Italy,Netherlands,5.6
Italy,Spain,5.3
Italy,Belgium,4.5
Jamaica,US,40.6
Jamaica,Colombia,6.8
Jamaica,Japan,5.8
Jamaica,China,5.8
Jamaica,Trinidad and Tobago,4.7
Japan,China,24.5
Japan,US,11
Japan,Australia,5.8
Japan,South Korea,4.2
Japan,Saudi Arabia,4.1
Jordan,China,13.6
Jordan,Saudi Arabia,13.6
Jordan,US,9.9
Jordan,UAE,4.9
Jordan,Germany,4.4
Kazakhstan,Russia,38.9
Kazakhstan,China,16.1
Kazakhstan,Germany,5.1
Kazakhstan,US,4.3
Kenya,China,22.5
Kenya,India,9.9
Kenya,UAE,8.7
Kenya,Saudi Arabia,5.1
Kenya,Japan,4.5
Kiribati,Australia,29.3
Kiribati,Fiji,17.3
Kiribati,NZ,10.7
Kiribati,China,5.8
Kiribati,US,5.8
Kiribati,Singapore,5.1
Kiribati,Japan,4.6
Kiribati,Thailand,4.1
North Korea,China,91.9
South Korea,China,20.5
South Korea,Japan,11.5
South Korea,US,10.5
South Korea,Germany,4.2
South Korea,Saudi Arabia,4.1
Kosovo,Germany,12.4
Kosovo,Serbia,12.3
Kosovo,Turkey,9.6
Kosovo,China,9.1
Kosovo,Italy ,6.4
Kosovo,The Former Yugo Rep of,5.1
Kosovo,Albania,5
Kosovo,Greece,4.4
Kuwait,China,13.5
Kuwait,US,13.3
Kuwait,UAE,9.5
Kuwait,Saudi Arabia,5.8
Kuwait,Germany,5.4
Kuwait,Japan,5
Kuwait,India,4.7
Kuwait,Italy,4.5
Kyrgyzstan,China,32.6
Kyrgyzstan,Russia,24.8
Kyrgyzstan,Kazakhstan,16.4
Kyrgyzstan,Turkey,4.8
Kyrgyzstan,US,4.2
Laos,Thailand,59.1
Laos,China,21.5
Laos,Vietnam,9.8
Latvia,Lithuania,17.6
Latvia,Germany,11.7
Latvia,Poland,8.7
Latvia,Estonia,7.6
Latvia,Russia,7.1
Latvia,Netherlands,4.2
Latvia,Finland,4.2
Latvia,Italy,4
Lebanon,China,10.2
Lebanon,Italy,8.9
Lebanon,Greece,7
Lebanon,Germany,6.6
Lebanon,US,6.3
Lebanon,Turkey,4.5
Lebanon,Egypt,4.2
Lesotho,South Africa,87.2
Liberia,Singapore,29.8
Liberia,China,24.4
Liberia,South Korea,17.5
Liberia,Japan,9.4
Libya,China,13.5
Libya,Turkey,11.3
Libya,Italy,6.9
Libya,South Korea,5.9
Libya,Spain,4.8
Lithuania,Russia,13
Lithuania,Germany,12.3
Lithuania,Poland,10.6
Lithuania,Latvia,7.1
Lithuania,Italy,5.2
Lithuania,Netherlands,5.1
Lithuania,Sweden,4
Luxembourg,Belgium,32
Luxembourg,Germany,24.9
Luxembourg,France,11.1
Luxembourg,US,5.7
Luxembourg,Netherlands,4.9
Macau,China,33.9
Macau,Italy,9.3
Macau,Hong Kong,9
Macau,France,7.5
Macau,Switzerland,7.4
Macau,Japan,7.2
Macau,US,4.4
Madagascar,China,18.7
Madagascar,India,9.3
Madagascar,France,6.4
Madagascar,South Africa,5.6
Madagascar,UAE,5.3
Malawi,South Africa,20.7
Malawi,China,14.2
Malawi,India,11.6
Malawi,UAE,7
Malawi,Netherlands,4.4
Malaysia,China,19.9
Malaysia,Singapore,10.8
Malaysia,US,8.4
Malaysia,Japan,7.6
Malaysia,Thailand,5.8
Malaysia,South Korea,4.5
Malaysia,Indonesia,4.4
Maldives,UAE,17.1
Maldives,India,13.5
Maldives,Singapore,13.3
Maldives,China,10.8
Maldives,Sri Lanka,6.7
Maldives,Malaysia,6
Maldives,Thailand,4.5
Mali,Senegal,24.4
Mali,China,13.2
Mali,Cote dIvoire,9
Mali,France,7.3
Malta,Italy,23
Malta,Germany,7.9
Malta,UK,7.7
Malta,Spain,5
Malta,Canada,4.5
Malta,US,4.3
Malta,France,4.2
Mauritania,Belgium,11.5
Mauritania,UAE,11.3
Mauritania,US,9.2
Mauritania,China,7.5
Mauritania,France,7.4
Mauritania,Netherlands,6.1
Mauritania,Morocco,6
Mauritania,Slovenia,4.8
Mauritania,Vanuatu,4.7
Mauritania,Spain,4.7
Mauritius,India,17.9
Mauritius,China,15.7
Mauritius,France,11.1
Mauritius,South Africa,9.7
Mexico,US,46.4
Mexico,China,17.7
Mexico,Japan,4.3
Moldova,Romania,15.5
Moldova,Ukraine,11.4
Moldova,Russia,10.6
Moldova,China,10.4
Moldova,Germany,8.9
Moldova,Italy,6.9
Moldova,Turkey,6.1
Mongolia,China,32.6
Mongolia,Russia,28.1
Mongolia,Japan,8.4
Mongolia,US,4.8
Mongolia,South Korea,4.6
Montserrat,US,72.8
Montserrat,Trinidad and Tobago,6
Montserrat,UK,4.1
Morocco,Spain,16.7
Morocco,France,12.2
Morocco,China,9.2
Morocco,US,6.9
Morocco,Germany,6
Morocco,Italy,5.9
Morocco,Turkey,4.5
Mozambique,South Africa,36.8
Mozambique,China,7
Mozambique,UAE,6.8
Mozambique,India,6.2
Mozambique,Portugal,4.4
Namibia,South Africa,61.4
Nauru,Australia,67.5
Nauru,Fiji,9.2
Nauru,India,8.1
Nauru,Singapore,5.4
Nepal,India,70.2
Nepal,China,7.5
Netherlands,China,16.4
Netherlands,Germany,15.3
Netherlands,Belgium,8.5
Netherlands,US,6.9
Netherlands,UK,5.1
Netherlands,Russia,4.3
New Caledonia,France,24.2
New Caledonia,Singapore,13.1
New Caledonia,China,9.2
New Caledonia,Australia,7.1
New Caledonia,South Korea,5.2
New Caledonia,Malaysia,4.7
New Caledonia,NZ,4.4
New Caledonia,US,4.4
New Zealand,China,19
New Zealand,Australia,12.1
New Zealand,US,10.5
New Zealand,Japan,7.3
New Zealand,Germany,5.3
New Zealand,Thailand,4.6
Nicaragua,US,20.8
Nicaragua,China,14.3
Nicaragua,Mexico,11.1
Nicaragua,Costa Rica,7.9
Nicaragua,Guatemala,7
Nicaragua,El Salvador,5.6
Niger,France,28.8
Niger,China,14.4
Niger,Malaysia,5.7
Niger,Nigeria,5.4
Niger,Thailand,5.3
Niger,US,5.1
Niger,India,4.9
Nigeria,China,21.1
Nigeria,Belgium,8.7
Nigeria,US,8.4
Nigeria,South Korea,7.5
Nigeria,UK,4.4
North Macedonia,Germany,11.9
North Macedonia,UK,10
North Macedonia,Greece,8
North Macedonia,Serbia,7.1
North Macedonia,China,5.9
North Macedonia,Italy,5.5
North Macedonia,Turkey,4.5
North Macedonia,Bulgaria,4.3
Norway,Sweden,11.4
Norway,Germany,11
Norway,China,9.8
Norway,US,6.8
Norway,South Korea,6.7
Norway,Denmark,5.4
Norway,UK,4.7
Oman,UAE,35.5
Oman,US,27.8
Oman,Brazil,4
Pakistan,China,27.4
Pakistan,UAE,13.7
Pakistan,US,4.9
Pakistan,Indonesia,4.3
Pakistan,Saudi Arabia,4.2
Palau,US,33.4
Palau,Guam,15.8
Palau,Japan,15.7
Palau,China,13.5
Palau,South Korea,5.3
Panama,US,24.4
Panama,China,9.8
Panama,Mexico,4.9
Papua New Guinea,Australia,30.1
Papua New Guinea,China,17.3
Papua New Guinea,Singapore,10.2
Papua New Guinea,Malaysia,8.2
Papua New Guinea,Indonesia,4
Paraguay,China,31.3
Paraguay,Brazil,23.4
Paraguay,Argentina,12.9
Paraguay,US,7.4
Peru,China,22.3
Peru,US,20.1
Peru,Brazil,6
Peru,Mexico,4.4
Philippines,China,18.1
Philippines,Japan,11.4
Philippines,South Korea,8.8
Philippines,US,7.4
Philippines,Thailand,7.1
Philippines,Indonesia,6.7
Philippines,Singapore,5.9
Poland,Germany,27.9
Poland,China,8
Poland,Russia,6.4
Poland,Netherlands,6
Poland,Italy,5.3
Poland,France,4.2
Poland,Czech Republic,4
Portugal,Spain,32
Portugal,Germany,13.7
Portugal,France,7.4
Portugal,Italy,5.5
Portugal,Netherlands,5.4
Qatar,China,10.9
Qatar,US,8.9
Qatar,UAE,8.5
Qatar,Germany,8.1
Qatar,UK,5.5
Qatar,India,5.4
Qatar,Japan,5.3
Qatar,Italy,4.3
Romania,Germany,20
Romania,Italy,10
Romania,Hungary,7.5
Romania,Poland,5.5
Romania,France,5.3
Romania,China,5
Romania,Netherlands,4
Russia,China,21.2
Russia,Germany,10.7
Russia,US,5.6
Russia,Belarus,5
Russia,Italy,4.5
Russia,France,4.2
Rwanda,China,20.4
Rwanda,Uganda,11
Rwanda,India,7.2
Rwanda,Kenya,7.1
Rwanda,Tanzania,5.3
Rwanda,UAE,5.1
Saint Kitts and Nevis,US,56.8
Saint Kitts and Nevis,Trinidad and Tobago,6.8
Saint Kitts and Nevis,Cyprus,6.2
Saint Kitts and Nevis,Japan,4
Saint Lucia,US,53.3
Saint Lucia,Trinidad and Tobago,10.8
Saint Vincent and the Grenadines,US,36.8
Saint Vincent and the Grenadines,Trinidad and Tobago,19.1
Saint Vincent and the Grenadines,UK,7
Saint Vincent and the Grenadines,China,5.8
Samoa,NZ,22
Samoa,Singapore,20.7
Samoa,US,12.5
Samoa,China,10.1
Samoa,Australia,8.6
Samoa,Fiji,5.2
Sao Tome and Principe,Portugal,54.7
Sao Tome and Principe,Angola,16.5
Sao Tome and Principe,China,5.6
Saudi Arabia,China,15.4
Saudi Arabia,US,13.6
Saudi Arabia,UAE,6.5
Saudi Arabia,Germany,5.8
Saudi Arabia,Japan,4.1
Saudi Arabia,India,4.1
Saudi Arabia,South Korea,4
Senegal,France,16.3
Senegal,China,10.4
Senegal,Nigeria,8
Senegal,India,7.2
Senegal,Netherlands,4.8
Senegal,Spain,4.2
Serbia,Germany,12.7
Serbia,Italy,10
Serbia,China,8.2
Serbia,Russia,7.3
Serbia,Hungary,4.9
Serbia,Poland,4.1
Seychelles,UAE,13.4
Seychelles,France,9.4
Seychelles,Spain,5.7
Seychelles,South Africa,5
Sierra Leone,China,11.5
Sierra Leone,US,9.2
Sierra Leone,Belgium,8.8
Sierra Leone,UAE,7.7
Sierra Leone,India,7.4
Sierra Leone,Turkey,5.2
Sierra Leone,Senegal,5.1
Sierra Leone,Netherlands,4.3
Singapore,China,13.9
Singapore,Malaysia,12
Singapore,US,10.7
Singapore,Japan,6.3
Singapore,South Korea,5
Slovakia,Germany,19.1
Slovakia,Czech Republic,16.3
Slovakia,Austria,10.3
Slovakia,Poland,6.5
Slovakia,Hungary,6.4
Slovakia,South Korea,4.5
Slovakia,Russia,4.5
Slovakia,France,4.3
Slovakia,China,4.2
Slovenia,Germany,16.5
Slovenia,Italy,13.5
Slovenia,Austria,9.3
Slovenia,Turkey,5.8
Slovenia,Croatia,4.8
Slovenia,China,4.5
Solomon Islands,China,21.9
Solomon Islands,Australia,19.6
Solomon Islands,Singapore,10.7
Solomon Islands,Vietnam,7.5
Solomon Islands,NZ,6.2
Solomon Islands,Papua New Guinea,5
Solomon Islands,South Korea,4.7
Somalia,China,17.6
Somalia,India,17.2
Somalia,Ethiopia,10.5
Somalia,Oman,10.3
Somalia,Kenya,6.9
Somalia,Turkey,5.3
Somalia,Malaysia,4.1
South Africa,China,18.3
South Africa,Germany,11.9
South Africa,US,6.6
South Africa,Saudi Arabia,4.7
South Africa,India,4.7
Spain,Germany,14.2
Spain,France,11.9
Spain,China,6.9
Spain,Italy,6.8
Spain,Netherlands,5.1
Spain,UK,4
Sri Lanka,India,22
Sri Lanka,China,19.9
Sri Lanka,Singapore,6.9
Sri Lanka,UAE,5.7
Sri Lanka,Japan,4.9
Sudan,UAE,12.7
Sudan,Egypt,10.6
Sudan,India,10.5
Sudan,Turkey,10.2
Sudan,Japan,7.6
Sudan,Saudi Arabia,6
Sudan,Germany,4.6
Suriname,US,30.6
Suriname,Netherlands,14.8
Suriname,Trinidad and Tobago,11.4
Suriname,China,7.6
Sweden,Germany,18.7
Sweden,Netherlands,8.9
Sweden,Norway,7.7
Sweden,Denmark,7.2
Sweden,China,5.5
Sweden,UK,5.1
Sweden,Finland,4.7
Sweden,Belgium,4.7
Switzerland,Germany,20.9
Switzerland,US,7.9
Switzerland,Italy,7.6
Switzerland,UK,7.3
Switzerland,France,6.8
Switzerland,China,5
Syria,Russia,32.4
Syria,Turkey,16.7
Syria,China,9.5
Tajikistan,Russia,38
Tajikistan,Kazakhstan,19
Tajikistan,China,8.7
Tajikistan,Iran,4.4
Tanzania,India,16.5
Tanzania,China,15.8
Tanzania,UAE,9.2
Tanzania,Saudi Arabia,7.9
Tanzania,South Africa,5.1
Tanzania,Japan,4.9
Tanzania,Switzerland,4.4
Thailand,China,20
Thailand,Japan,14.5
Thailand,US,6.8
Thailand,Malaysia,5.4
Togo,China,27.5
Togo,France,9.1
Togo,Netherlands,4.4
Togo,Japan,4.3
Tonga,NZ,33.3
Tonga,Fiji,11.7
Tonga,US,9.8
Tonga,Singapore,9
Tonga,Australia,8.9
Tonga,China,7.9
Tonga,Japan,5.9
Trinidad and Tobago,US,23.8
Trinidad and Tobago,Russia,15.3
Trinidad and Tobago,Colombia,11.1
Trinidad and Tobago,Gabon,10.5
Trinidad and Tobago,China,7.3
Tunisia,Italy,15.8
Tunisia,France,15.1
Tunisia,China,9.2
Tunisia,Germany,8.1
Tunisia,Turkey,4.8
Tunisia,Algeria,4.7
Tunisia,Spain,4.5
Turkey,China,10
Turkey,Germany,9.1
Turkey,Russia,8.4
Turkey,US,5.1
Turkey,Italy,4.8
Turkmenistan,Turkey,24.2
Turkmenistan,Algeria,14.4
Turkmenistan,Germany,9.8
Turkmenistan,China,8.9
Turkmenistan,Russia,8
Turkmenistan,US,6.6
Tuvalu,Singapore,33.4
Tuvalu,South Korea,11.5
Tuvalu,Australia,10.8
Tuvalu,NZ,8
Tuvalu,Fiji,7.5
Tuvalu,Chile,6.1
Tuvalu,South Africa,5
Tuvalu,Japan,5
Uganda,China,17.4
Uganda,India,13.4
Uganda,UAE,12.2
Uganda,Kenya,7.9
Uganda,Japan,6.4
Uganda,Saudi Arabia,6.3
Uganda,Indonesia,4.4
Uganda,South Africa,4.1
Ukraine,Russia,14.5
Ukraine,China,11.3
Ukraine,Germany,11.2
Ukraine,Poland,7
Ukraine,Belarus,6.7
Ukraine,US,5.1
United Arab Emirates,China,8.5
United Arab Emirates,US,6.8
United Arab Emirates,India,6.6
United Kingdom,Germany,13.7
United Kingdom,US,9.5
United Kingdom,China,9.3
United Kingdom,Netherlands,8
United Kingdom,France,5.4
United Kingdom,Belgium,5
United States,China,21.6
United States,Mexico,13.4
United States,Canada,12.8
United States,Japan,5.8
United States,Germany,5
Uruguay,China,20
Uruguay,Brazil,19.5
Uruguay,Argentina,12.6
Uruguay,US,10.9
Uzbekistan,China,23.7
Uzbekistan,Russia,22.5
Uzbekistan,Kazakhstan,10.7
Uzbekistan,South Korea,9.8
Uzbekistan,Turkey,5.8
Uzbekistan,Germany,5.6
Vanuatu,Russia,35.2
Vanuatu,Australia,19.8
Vanuatu,NZ,9.8
Vanuatu,China,6.3
Vanuatu,Fiji,5.5
Venezuela,US,24.8
Venezuela,China,14.2
Venezuela,Mexico,9.5
Vietnam,China,25.8
Vietnam,South Korea,20.5
Vietnam,Japan,7.8
Vietnam,Thailand,4.9
Yemen,UAE,12.2
Yemen,China,12.1
Yemen,Turkey,8.7
Yemen,Brazil,7.3
Yemen,Saudi Arabia,6.5
Yemen,Argentina,5.5
Yemen,India,4.7
Zambia,South Africa,28.2
Zambia,Democratic Republic of the Congo,20.8
Zambia,China,12.9
Zambia,Kuwait,5.4
Zambia,UAE,4.6
Zimbabwe,South Africa,47.8
Zimbabwe,Zambia,20.5
